"CURSO;DISCIPLINA;PERIODO;PRE_REQUISITOS"
"ADM;Introdução à Gestão;1;"
"ADM;Ética Empresarial;1;"
"ADM;Introdução à Economia;1;"
"ADM;Cálculo I;1;"
"ADM;Contabilidade Geral;1;"
"ADM;Direito I;1;"
"ADM;Comunicação Corporativa;1;"
"ADM;Comportamento Organizacional;2;Introdução à Gestão"
"ADM;Fundamentos de Marketing;2;"
"ADM;Psicologia Social;2;"
"ADM;Cálculo II;2;Cálculo I"
"ADM;Análise de Demonstrativos;2;Contabilidade Geral"
"ADM;Administração de Materiais;2;"
"ADM;Responsabilidade Social e Relações ÉtnicoRaciais;2;"
"ADM;Gestão da Inovação;3;"
"ADM;Administração de Varejo;3;Fundamentos de Marketing"
"ADM;Estrutura e Processos Organizacionais;3;Comportamento Organizacional"
"ADM;Lógica;3;Cálculo II"
"ADM;Contabilidade de Custos;3;Análise de Demonstrativos"
"ADM;Probabilidade e Estatística;3;Cálculo II"
"ADM;Gestão Pública;3;Introdução à Gestão"
"ADM;Gestão Empreendedora;4;Administração de Varejo,Introdução à Gestão"
"ADM;Administração de Vendas e Serviços;4;Administração de Varejo"
"ADM;Macroeconomia;4;Introdução à Economia"
"ADM;Qualidade;4;Probabilidade e Estatística"
"ADM;Estatística Aplicada;4;Probabilidade e Estatística"
"ADM;Matemática Financeira;4;50 Créditos"
"ADM;Gestão de Pessoas I;4;50 Créditos"
"ADM;Logística;5;Administração de Materiais"
"ADM;Microeconomia;5;Introdução à Economia,Cálculo II"
"ADM;Gerenciamento de Projetos;5;Qualidade"
"ADM;Administração Financeira e Orçamentária I;5;Contabilidade de Custos"
"ADM;Gestão de Pessoas II;5;Gestão de Pessoas I"
"ADM;Gestão Ambiental;5;"
"ADM;Gestão Estratégica da Informação;5;"
"ADM;Administração da Produção;6;Logística"
"ADM;Métodos de Pesquisa;6;100 Créditos"
"ADM;Estratégia Empresarial;6;100 Créditos"
"ADM;Administração Financeira e Orçamentária II;6;Matemática Financeira,Administração Financeira e Orçamentária I"
"ADM;Direito II;6;Direito I"
"ADM;Gestão de Saúde e Segurança;6;"
"ADM;Comércio Exterior;6;Macroeconomia"
"ADM;Planejamento e Controle da Produção;7;Administração da Produção"
"ADM;Produção Científica I;7;Métodos de Pesquisa"
"ADM;Estágio;7;75 Créditos"
"ADM;Jogos de Negócios;7;Estratégia Empresarial"
"ADM;Controladoria e Auditoria;7;Administração Financeira e Orçamentária II"
"ADM;Modelagem Matemática;7;100 Créditos"
"ADM;Produção Científica II;8;Produção Científica I"
"ADM;Tópicos Especiais em Administração;8;100 Créditos"
"ADM;Atividades Complementares;8;"
"ADM;Pesquisa Operacional;8;Modelagem Matemática"
"BCC;Álgebra Linear I;1;"
"BCC;Cálculo a uma Variável;1;"
"BCC;Introdução à Administração;1;"
"BCC;Arquitetura de Computadores;1;"
"BCC;Projeto de Algoritmos Computacionais;1;"
"BCC;Lógica Matemática;1;"
"BCC;Álgebra Linear II;2;Álgebra Linear I"
"BCC;Cálculo a Várias Variáveis;2;Cálculo a uma Variável,Álgebra Linear I"
"BCC;Sistemas Operacionais;2;Arquitetura de Computadores"
"BCC;Arquiteturas Avançadas de Computadores;2;Arquitetura de Computadores"
"BCC;Estruturas de Dados;2;Projeto de Algoritmos Computacionais"
"BCC;Matemática Discreta;2;"
"BCC;Ciências Ambientais;2;"
"BCC;Equações Diferenciais Ordinárias;3;Cálculo a Várias Variáveis,Álgebra Linear II"
"BCC;Sistemas Digitais;3;"
"BCC;Fundamentos de Redes de Computadores;3;"
"BCC;Programação Orientada a Objetos;3;Projeto de Algoritmos Computacionais"
"BCC;Engenharia de Requisitos;3;"
"BCC;Empreendedorismo;3;"
"BCC;Humanidades e Ciências Sociais;3;"
"BCC;Cálculo Numérico;4;Cálculo a uma Variável,Projeto de Algoritmos Computacionais"
"BCC;Gerência de Projetos de Tecnologia da Informação;4;Engenharia de Requisitos"
"BCC;Programação de Software para Web;4;Programação Orientada a Objetos"
"BCC;Análise e Projeto de Sistemas;4;Engenharia de Requisitos"
"BCC;Projeto de Banco de Dados;4;Engenharia de Requisitos"
"BCC;Organização de Estruturas de Arquivos;4;Estruturas de Dados"
"BCC;Estatística e Probabilidade;5;Matemática Discreta"
"BCC;Arquitetura de Linguagens de Programação;5;Programação Orientada a Objetos"
"BCC;Arquitetura e Padrões de Software;5;Programação de Software para Web,Análise e Projeto de Sistemas"
"BCC;Engenharia de Software;5;Engenharia de Requisitos"
"BCC;Administração de Banco de Dados;5;Projeto de Banco de Dados"
"BCC;Metodologia Científica;5;"
"BCC;Teoria da Computação;6;Matemática Discreta"
"BCC;Inferência Estatística;6;Estatística e Probabilidade"
"BCC;Inteligência Computacional;6;Estatística e Probabilidade,Lógica Matemática"
"BCC;Algoritmos em Grafos;6;Estruturas de Dados"
"BCC;Interação HumanoComputador;6;Programação Orientada a Objetos,Engenharia de Requisitos"
"BCC;Prática em Pesquisa Aplicada;6;Metodologia Científica"
"BCC;Compiladores;7;Estruturas de Dados"
"BCC;Computação Gráfica;7;Cálculo a Várias Variáveis,Álgebra Linear II"
"BCC;Sistemas Concorrentes e Distribuídos;7;Sistemas Operacionais,Programação Orientada a Objetos"
"BCC;Projeto e Construção de Sistemas;7;Arquitetura e Padrões de Software"
"BCC;Inteligência Artificial;7;Lógica Matemática,Estruturas de Dados"
"BCC;Concepção e Elaboração de Projeto Final;7;Prática em Pesquisa Aplicada,Análise e Projeto de Sistemas"
"BCC;Legislação de Informática;8;"
"BCC;Informática e Sociedade;8;"
"BCC;Elaboração e Construção de Projeto Final;8;Concepção e Elaboração de Projeto Final"
"GAMB;Cálculo a uma Variável;1;"
"GAMB;Álgebra Linear I;1;"
"GAMB;Desenho;1;"
"GAMB;Química Geral e Inorgânica;1;"
"GAMB;Biologia Ambiental;1;"
"GAMB;Introdução a Engenharia Ambiental;1;"
"GAMB;Computação;1;"
"GAMB;Cálculo a Várias Variáveis;2;Cálculo a uma Variável,Álgebra Linear I"
"GAMB;Álgebra Linear II;2;Álgebra Linear I"
"GAMB;Química Orgânica;2;Química Geral e Inorgânica"
"GAMB;Mecânica Básica;2;Cálculo a uma Variável,Álgebra Linear I"
"GAMB;Metodologia Científica;2;"
"GAMB;Ecologia Geral;2;Biologia Ambiental"
"GAMB;Desenho Técnico;2;Desenho"
"GAMB;Expressão Oral e Escrita;2;"
"GAMB;Equações Diferenciais Ordinárias (EDO);3;Cálculo a Várias Variáveis,Álgebra linear II"
"GAMB;Cálculo Vetorial;3;Cálculo a Várias Variáveis"
"GAMB;Mecânica Geral;3;Mecânica Básica,Álgebra Linear II"
"GAMB;Eletricidade Básica;3;Cálculo a Várias Variáveis,Mecânica Básica"
"GAMB;Química Ambiental;3;Química Orgânica"
"GAMB;Estatística;3;Cálculo a Várias Variáveis"
"GAMB;Administração;3;"
"GAMB;Equações Diferenciais Parciais e Séries (EDPS);4;Equações Diferenciais Ordinárias (EDO)"
"GAMB;Fundamentos de Engenharia de Segurança;4;"
"GAMB;Física Térmica;4;Mecânica Básica"
"GAMB;Resistência dos Materiais (III);4;Mecânica Geral"
"GAMB;Introdução a Economia;4;"
"GAMB;Topografia e Geodésia;4;Desenho Técnico"
"GAMB;Cálculo Numérico;4;Cálculo a uma Variável,Computação"
"GAMB;Geologia;4;"
"GAMB;Fenômenos de Transporte;5;Física Térmica"
"GAMB;Bioquímica Ambiental;5;Biologia Ambiental,Química Orgânica"
"GAMB;Humanidades e Ciências Sociais;5;"
"GAMB;Gestão da Qualidade;5;Estatística"
"GAMB;Cartografia e Geoprocessamento;5;Computação,Topografia e Geodésia"
"GAMB;Controle de Poluição I;5;Química Ambiental"
"GAMB;Saneamento e Saúde Ambiental;5;Ecologia Geral"
"GAMB;Mecânica dos Solos;6;Geologia"
"GAMB;Hidrologia e Recursos hídricos;6;Estatística"
"GAMB;Microbiologia;6;Biologia Ambiental"
"GAMB;Resíduos Sólidos Urbanos;6;Saneamento e Saúde Ambiental"
"GAMB;Controle de Poluição II;6;Controle de Poluição I"
"GAMB;Recursos Naturais e Conservação de Energia;6;Ecologia Geral"
"GAMB;Analises FísicoQuímicas I;6;Química Orgânica"
"GAMB;Modelagem Ambiental;7;Computação,Cartografia e Geoprocessamento"
"GAMB;Análises Microbiológicas;7;Microbiologia"
"GAMB;Hidráulica;7;Fenômenos de Transporte"
"GAMB;Sistemas de Abastecimento de Água;7;Hidrologia e Recursos Hídricos,Fenômenos de Transporte"
"GAMB;Sistemas de Esgotos;7;Fenômenos de Transporte"
"GAMB;Fundamentos de Processos Industriais;7;Química Orgânica"
"GAMB;Análises FísicoQuímicas II;7;Analises FísicoQuímicas I"
"GAMB;Tratamento de Resíduos Sólidos;8;Resíduos Sólidos Urbanos"
"GAMB;Sistemas de Drenagem;8;Hidrologia e Recursos Hídricos,Fenômenos de Transporte"
"GAMB;Tratamento de Águas;8;Bioquímica Ambiental"
"GAMB;Tratamento de Efluentes;8;Bioquímica Ambiental"
"GAMB;Planejamento Ambiental;8;Recursos Naturais e Conservação de Energia"
"GAMB;Estágio Supervisionado de Engenharia Ambiental;9;160 créditos cumpridos"
"GAMB;Gestão Ambiental I;9;Planejamento Ambiental"
"GAMB;Legislação e Direito ambiental;9;Planejamento Ambiental"
"GAMB;Projeto Final I;9;Metodologia Científica,160 créditos cumpridos"
"GAMB;Gestão Ambiental II;10;Gestão Ambiental I"
"GAMB;Riscos Ambientais;10;Gestão Ambiental I"
"GAMB;Projeto Final II;10;Projeto Final I"
"GAMB;Atividades Complementares;10;"
"GAUT;Cálculo a uma Variável;1;"
"GAUT;Álgebra Linear I;1;"
"GAUT;Desenho;1;"
"GAUT;Química;1;"
"GAUT;Introdução a Engenharia;1;"
"GAUT;Cálculo a Várias Variáveis;2;Cálculo a uma Variável,Álgebra Linear I"
"GAUT;Álgebra Linear II;2;Álgebra Linear I"
"GAUT;Computação;2;"
"GAUT;Mecânica Básica;2;Cálculo a uma Variável,Álgebra Linear I"
"GAUT;Humanidades e Ciênc. Sociais;2;"
"GAUT;Metodologia Científica;2;"
"GAUT;Equações Diferenciais Ordinárias E.D.O;3;Cálculo a várias Variáveis,Álgebra Linear II"
"GAUT;Cálculo Vetorial;3;Cálculo a Várias Variáveis"
"GAUT;Cálculo Numérico;3;Computação,Cálculo a uma Variável"
"GAUT;Mecânica Geral;3;Mecânica Básica,Álgebra Linear II"
"GAUT;Eletricidade Básica;3;Cálculo a Várias Variáveis,Mecânica Básica"
"GAUT;Estatística;3;Cálculo a Varias Variáveis"
"GAUT;Fundamentos de Engenharia de Segurança;3;"
"GAUT;Equações Diferenciais Parciais e Séries E.D.P.S;4;Equações Diferenciais Ordinárias E.D.O"
"GAUT;Variáveis Complexas;4;Cálculo a Várias Variáveis"
"GAUT;Física Térmica;4;Mecânica Básica"
"GAUT;Resistência de Materiais III;4;Mecânica Geral"
"GAUT;Circuitos Elétricos I;4;Eletricidade Básica"
"GAUT;Materiais Elétricos;4;Química,Eletricidade Básica"
"GAUT;Eletrônica Digital;4;Eletricidade Básica"
"GAUT;Ciências do Ambiente;5;Química"
"GAUT;Desenho Técnico I;5;Desenho"
"GAUT;Ondas;5;Eletricidade básica,Física térmica,Equações Diferenciais Ordinárias E.D.O"
"GAUT;Fenômenos de Transporte;5;Física Térmica"
"GAUT;Circuitos Elétricos II;5;Circuitos Elétricos I"
"GAUT;Eletrônica I;5;Circuitos Elétricos I"
"GAUT;Sistemas Digitais;5;Eletrônica Digital"
"GAUT;Sinais e Sistemas;6;Equações Diferenciais Ordinárias E.D.O,Variáveis complexas"
"GAUT;Eletromagnetismo I;6;Eletricidade Básica"
"GAUT;Controles e Servomecanismos I;6;Circuitos Elétricos II"
"GAUT;Planejamento da Produção;6;Mínimo 60 créditos"
"GAUT;Eletrônica II;6;Circuitos Elétricos II,Eletrônica I"
"GAUT;Microprocessadores I;6;Sistemas Digitais"
"GAUT;Introdução à Termodinâmica;6;Física Térmica"
"GAUT;Princípios de Telecomunicações;6;Circuitos Elétricos II,Eletrônica I"
"GAUT;Processamento de Sinais I;7;Sinais e sistemas"
"GAUT;Eletromagnetismo II;7;Eletromagnetismo I"
"GAUT;Eletrônica III;7;Eletrônica II"
"GAUT;Medidas elétricas e magnéticas;7;Eletrônica I"
"GAUT;Controles e Servomecanismos II;7;Controles e Servomecanismos I"
"GAUT;Otimização;7;Controles e Servomecanismos I"
"GAUT;Microprocessadores II;7;Microprocessadores I"
"GAUT;Administração;8;"
"GAUT;Conversão de Energia I;8;Eletromagnetismo II"
"GAUT;Redes I;8;Mínimo de 110 créditos"
"GAUT;Eletrônica Industrial;8;Eletrônica III"
"GAUT;Controle digital;8;Sinais e sistemas,Controles e servomecanismos II"
"GAUT;Controle nãolinear;8;Sinais e sistemas,Controles e servomecanismos II"
"GAUT;Processos petroquímicos;8;Mínimo de 105 créditos"
"GAUT;Processamento de Sinais II;8;Processamento de Sinais I"
"GAUT;Economia;9;"
"GAUT;Projeto final I;9;Mínimo de 130 créditos"
"GAUT;Instrumentação Eletrônica;9;Eletrônica II"
"GAUT;Automação de Sistemas;9;Mínimo de 140 créditos"
"GAUT;Controle Robusto e adaptativo;9;Controle nãolinear"
"GAUT;Estágio supervisionado;10;Mínimo de 120 créditos"
"GAUT;Sistemas de Qualidade;10;Mínimo de 130 créditos"
"GAUT;Projeto final II;10;Projeto final I"
"GCIV;Cálculo a uma Variável;1;"
"GCIV;Álgebra Linear I;1;"
"GCIV;Desenho;1;"
"GCIV;Química;1;"
"GCIV;Introdução a Engenharia;1;"
"GCIV;Administração;1;"
"GCIV;Humanidades e Ciências Sociais;1;"
"GCIV;Cálculo a Várias Variáveis;2;Cálculo a uma Variável,Álgebra Linear I"
"GCIV;Álgebra Linear II;2;Álgebra Linear I"
"GCIV;Computação;2;"
"GCIV;Mecânica Básica;2;Cálculo a uma Variável,Álgebra Linear I"
"GCIV;Metodologia Científica;2;"
"GCIV;Ciências do Ambiente;2;Química"
"GCIV;Desenho Técnico;2;Desenho"
"GCIV;Sistemas e Obras de Engenharia para Cidades;2;Introdução a Engenharia"
"GCIV;Equações Diferenciais Ordinárias E.D.O;3;Cálculo a uma Variável,Álgebra Linear II"
"GCIV;Cálculo Vetorial;3;Cálculo a Várias Variáveis"
"GCIV;Cálculo Numérico;3;Computação,Álgebra Linear I,Cálculo a uma Variável"
"GCIV;Mecânica Geral;3;Mecânica Básica"
"GCIV;Eletricidade Básica;3;Cálculo a Varias Variáveis,Mecânica Básica"
"GCIV;Estatística;3;Cálculo a Varias Variáveis"
"GCIV;Fundamentos de Desenho de Projeto;3;Desenho Técnico"
"GCIV;Projeto Estruturante I;3;"
"GCIV;Equações Diferenciais Parciais e Séries E.D.P.S;4;Equações Diferenciais Ordinárias E.D.O"
"GCIV;Fundamento de Engenharia de Segurança;4;"
"GCIV;Física Térmica;4;Mecânica Básica"
"GCIV;Resistência dos Materiais I;4;Mecânica Geral"
"GCIV;Economia;4;"
"GCIV;Arquitetura e Urbanismo I;4;Fundamentos de Desenho de Projeto"
"GCIV;Topografia e Geodésia;4;Desenho Técnico"
"GCIV;Gestão da Qualidade;4;Estatística"
"GCIV;Projeto Estruturante II;4;Projeto Estruturante I"
"GCIV;Fenômenos de Transferência;5;Física Térmica"
"GCIV;Ondas;5;Eletricidade Básica,Física térmica"
"GCIV;Materiais de Const. Civil I;5;Química,60 Créditos"
"GCIV;Computação Gráfica;5;Fundamentos de Desenho de Projeto,Topografia e Geodésia"
"GCIV;Geotecnia;5;60 Créditos"
"GCIV;Resistência dos Materiais II;5;Resistência dos Materiais I"
"GCIV;Arquitetura e Urbanismo II;5;Fundamentos de Desenho de Projeto"
"GCIV;Materiais de Const.Civil II;6;Materiais de Const.Civil I"
"GCIV;Rodovias e Ferrovias I;6;Topografia e Geodésia"
"GCIV;Inst.Hidráulicas e Sanitárias;6;Fundamentos de Desenho de Projeto"
"GCIV;Mecânica dos Solos I;6;Geotecnia"
"GCIV;Sistemas Estruturais e Teoria das Estruturas;6;Mecânica Geral"
"GCIV;Hidráulica e Hidrologia;7;Fenômenos de Transferencia,Topografia e Geodésia"
"GCIV;Saneamento Básico;7;Fenômenos de Transferencia,Topografia e Geodésia,Química,Inst. Hidraulicas e Sanitárias"
"GCIV;Rodovias e Ferrovias II;7;Rodovias e Ferrovias I"
"GCIV;Instalações Elétricas;7;Fundamentos de Desenho de Projeto,Eletricidade Básica"
"GCIV;Mecânica dos Solos II;7;Mecânica dos Solos I,Resistência dos Materiais II"
"GCIV;Estruturas I;7;Sistemas Estruturais e Teoria das Estruturas"
"GCIV;Tecnologia HidroSanitária;8;Saneamento Básico,Hidráulica e Hidrologia"
"GCIV;Sistemas Viários;8;Sistemas e Obras de Engenharia para Cidades,Conclusão de 100 créditos"
"GCIV;Portos, Meios e Vias Navegaveis;8;Fenômenos de Transferencia,Topografia e Geodésia"
"GCIV;Estágio Supervisionado;8;Conclusão de 120 créditos"
"GCIV;Estruturas II;8;Estruturas I,Resistência dos Materiais II"
"GCIV;Recursos Naturais I;8;Ciências do Ambiente"
"GCIV;Tecnologia das Construções I;8;Fundamentos de Desenho de Projeto,Materiais de Const.Civil II"
"GCIV;Fundações;8;Mecânica dos Solos II"
"GCIV;Gestão Sanitária do Ambiente;9;Saneamento Básico"
"GCIV;Transporte e Logística;9;Sistemas Viários"
"GCIV;Estruturas III;9;Estruturas II"
"GCIV;Gestão Ambiental I;9;Recursos Naturais I"
"GCIV;Tecnologia da Construções II;9;Tecnologia das Construções I"
"GCIV;Projeto Final I;9;Metodologia Científica,Conclusão de 170 créditos"
"GCIV;Gestão Ambiental II;10;Gestão Ambiental I"
"GCIV;Orçamento Planejamento e Controle de Obras Civis;10;Tecnologia da Construções II"
"GCIV;Estruturas IV;10;Estruturas I,Resistência dos Materiais II"
"GCIV;Projeto Final II;10;Projeto Final I"
"GEL;Cálculo a uma Variável;1;"
"GEL;Álgebra Linear I;1;"
"GEL;Introdução à Engenharia;1;"
"GEL;Química;1;"
"GEL;Desenho;1;"
"GEL;Cálc. A Várias Variáveis;2;Cálculo a Uma Variável,Álgebra Linear I"
"GEL;Álgebra Linear II;2;Álgebra Linear I"
"GEL;Mecânica Básica;2;Cálculo a Uma Variável,Álgebra Linear I"
"GEL;H.C.S.;2;"
"GEL;Metodologia Científica;2;"
"GEL;Computação;2;"
"GEL;Cálculo Vetorial;3;Cálc. A Várias Variáveis"
"GEL;E.D.O.;3;Cálculo a uma Variável,Álgebra Linear II"
"GEL;Mecânica Geral;3;Álgebra Linear II,Mecânica Básica"
"GEL;Eletricidade Básica;3;Cálc. A Várias Variáveis,Mecânica Básica"
"GEL;Estatística;3;Cálc. A Várias Variáveis"
"GEL;Cálculo Numérico;3;Cálculo a Uma Variável,Computação"
"GEL;Fund. de Eng. De Seg.;3;"
"GEL;Variáveis Complexas;4;Cálc. A Várias Variáveis"
"GEL;E.D.P.S.;4;E.D.O."
"GEL;Física Térmica;4;Mecânica Básica"
"GEL;Circuitos Elétricos I;4;Eletricidade Básica"
"GEL;Materiais Elétricos;4;Química,Eletricidade Básica"
"GEL;Eletrônica Digital;4;Eletricidade Básica"
"GEL;Resist. de Mat. III;4;Mecânica Geral"
"GEL;Desenho Técnico I;4;Desenho"
"GEL;Fenômenos de Transp.;5;Física Térmica"
"GEL;Ondas;5;Eletricidade Básica,Física Térmica,E.D.O."
"GEL;Eletromag I;5;Eletricidade Básica"
"GEL;Circuitos Elétricos II;5;Circuitos Elétricos I"
"GEL;Eletrônica I;5;Circuitos Elétricos I"
"GEL;Ciências do Ambiente;5;Química"
"GEL;Desenho Técnico II;5;Desenho Técnico I"
"GEL;Economia;5;"
"GEL;Sinais e Sistemas;6;E.D.O.,Variáveis Complexas"
"GEL;Eletromag II;6;Eletromag I"
"GEL;Conversão de Energia I;6;Eletromag I,Circuitos Elétricos II"
"GEL;Eletrônica II;6;Circuitos Elétricos II,Eletrônica I"
"GEL;Controle e Servomec. I;6;Circuitos Elétricos II"
"GEL;Corrente Alternada I;6;Circuitos Elétricos II"
"GEL;Planej. da Produção;6;Número de Créditos  60"
"GEL;Med. Elet E Magnéticas;7;Eletrônica I"
"GEL;Calc. Elet. de Linhas de Transm.;7;Corrente Alternada I,Eletromag II"
"GEL;Conversão de Energia II;7;Conversão de Energia I"
"GEL;Controle e Servomec. II;7;Controle e Servomec I"
"GEL;Corrente Alternada II;7;Corrente Alternada I"
"GEL;Instalações Elétricas;7;Corrente Alternada I"
"GEL;Calc. Mec. de Linhas de Transm.;7;Resist. de Mat. III"
"GEL;Acionamentos Elétricos;8;Conversão de Energia II,Instalações Elétricas"
"GEL;Análise de Sist. de Pot. I;8;Corrente Alternada II"
"GEL;Eletrônica Industrial;8;Conversão de Energia I,Eletrônica I"
"GEL;Inst. Elet. Industriais;8;Instalações Elétricas"
"GEL;Subst. Indust. e Equip.;8;Instalações Eletricas"
"GEL;Administração;8;"
"GEL;Geração;8;Conversão de Energia I"
"GEL;Distribuição de Energia;9;Instalações Elétricas"
"GEL;Análise de Sist. De Pot. II;9;Análise de Sist. de Pot. I"
"GEL;Projeto Final I;9;Número de Créditos  130"
"GEL;Prot. do Sistema Elet.;9;Análise de Sist. de Pot. I"
"GEL;Estab. de Sist. de Pot. I;10;Análise de Sist. de Pot II"
"GEL;Projeto Final II;10;Projeto Final I"
"GEL;Transitórios Eletromag.;10;Análise de Sist. de Pot I"
"GEL;Sistemas de Qualidade;10;Número de Créditos  100"
"GEL;Estágio Supervisionado;10;Número de Créditos  120"
"GELT;Cálculo a uma Variável;1;"
"GELT;Álgebra Linear I;1;"
"GELT;Desenho;1;"
"GELT;Química;1;"
"GELT;Introdução a Engenharia;1;"
"GELT;Cálculo a Várias Variáveis;2;Cálculo a uma Variável,Álgebra Linear I"
"GELT;Álgebra Linear II;2;Álgebra Linear I"
"GELT;Computação;2;"
"GELT;Mecânica Básica;2;Cálculo a uma Variável,Álgebra Linear I"
"GELT;Humanidades e Ciênc. Sociais;2;"
"GELT;Metodologia Científica;2;"
"GELT;Equações DiferenciaisOrdinárias E.D.O;3;Cálculo a várias Variáveis,Álgebra Linear II"
"GELT;Cálculo Vetorial;3;Cálculo a Várias Variáveis"
"GELT;Cálculo Numérico;3;Computação,Cálculo a uma Variável"
"GELT;Mecânica Geral;3;Mecânica Básica,Álgebra Linear II"
"GELT;Eletricidade Básica;3;Cálculo a Varias Variáveis,Mecânica Básica"
"GELT;Estatística;3;Cálculo a Varias Variáveis"
"GELT;Fundamentos de Engenharia de Segurança;3;"
"GELT;Equações Diferenciais Parciais e Séries E.D.P.S;4;Equações DiferenciaisOrdinárias E.D.O"
"GELT;Variáveis Complexas;4;Cálculo a várias variáveis"
"GELT;Física Térmica;4;Mecânica Básica"
"GELT;Resistência de Materiais III;4;Mecânica Geral"
"GELT;Circuitos Elétricos I;4;Eletricidade Básica"
"GELT;Materiais Elétricos;4;Química,Eletricidade Básica"
"GELT;Eletrônica Digital;4;Eletricidade Básica"
"GELT;Ciências do Ambiente;5;Química"
"GELT;Desenho Técnico I;5;Desenho"
"GELT;Ondas;5;Eletricidade Básica,Física térmica,Equações DiferenciaisOrdinárias E.D.O"
"GELT;Fenômenos de Transporte;5;Física Térmica"
"GELT;Circuitos Elétricos II;5;Circuitos Elétricos I"
"GELT;Eletrônica I;5;Circuitos Elétricos I"
"GELT;Sistemas Digitais;5;Eletrônica Digital"
"GELT;Sinais e Sistemas;6;Equações DiferenciaisOrdinárias E.D.O,Variáveis Complexas"
"GELT;Eletromagnetismo I;6;Eletricidade Básica"
"GELT;Controle eServomecanismos I;6;Circuitos Elétricos II"
"GELT;Planejamento da Produção;6;Mínimo 60 créditos"
"GELT;Eletrônica II;6;Circuitos Elétricos II,Eletrônica I"
"GELT;Microprocessadores I;6;Sistemas Digitais"
"GELT;Princípios de Telecomunicações;6;Eletrônica I,Circuitos Elétricos II"
"GELT;Processamento de Sinais I;7;Sinais e sistemas"
"GELT;Eletromagnetismo II;7;Eletromagnetismo I"
"GELT;Eletrônica III;7;Eletrônica II"
"GELT;Medidas elétricas e magnéticas;7;Eletrônica I"
"GELT;Microprocessadores II;7;Microprocessadores I"
"GELT;Controles e Servomecanismos II;7;Controle eServomecanismos I"
"GELT;Tecnologia dos semicondutores;7;Mínimo de 100 créditos"
"GELT;Administração;8;"
"GELT;Conversão de energia I;8;Eletromagnetismo I"
"GELT;Redes I;8;Mínimo de 100 créditos"
"GELT;Eletrônica Industrial;8;Eletrônica III"
"GELT;Microeletrônica;8;Eletrônica digital,Tecnologia dos semicondutores"
"GELT;Circuitos integrados;8;Eletrônica Digital"
"GELT;Processamento de Sinais II;8;Sinais e Sistemas"
"GELT;Economia;9;"
"GELT;Projeto final I;9;Metodologia Científica,Mínimo de 130 créditos"
"GELT;Instrumentação eletrônica;9;Eletrônica II"
"GELT;Dispositivos reprogramáveis;9;Microprocessadores I"
"GELT;Televisão Digital;9;Processamento de Sinais II"
"GELT;Estágio supervisionado;10;Mínimo de 120 créditos"
"GELT;Sistemas de Qualidade;10;Mínimo de 100 créditos"
"GELT;Projeto final II;10;Projeto final I"
"GFIS;Cálculo a Uma Variável;1;"
"GFIS;Álgebra Linear l;1;"
"GFIS;Introdução à Física;1;"
"GFIS;Física Básica I;1;"
"GFIS;Práticas de Física I;1;"
"GFIS;Cálculo a Várias Variáveis;2;Cálculo a Uma Variável"
"GFIS;Álgebra Linear II;2;Álgebra Linear l"
"GFIS;Algoritmos e Programação;2;"
"GFIS;Física Básica II;2;Física Básica I,Cálculo a uma Variável"
"GFIS;Práticas de Física II;2;Física Básica I,Práticas de Física I"
"GFIS;Física Matemática I;3;Cálculo a várias Variáveis"
"GFIS;Estatística;3;Cálculo a várias Variáveis"
"GFIS;Física Básica III;3;Física Básica I,Cálculo a várias Variáveis"
"GFIS;Práticas de Física III;3;Física Básica II,Práticas de Física II"
"GFIS;Física Matemática II;4;Física Matemática I,Álgebra Linear II"
"GFIS;Física Moderna I;4;Física Básica III"
"GFIS;Práticas de Física Moderna I;4;Física Básica III,Práticas de Física III"
"GFIS;Mecânica Clássica;4;Física Matemática I,Física Básica I"
"GFIS;Física Computacional I;4;Algoritmos e Programação,Física Matemática I"
"GFIS;Física Matemática III;5;Física Matemática II"
"GFIS;Física Moderna II;5;Física Moderna I"
"GFIS;Práticas de Física Moderna II;5;Física Moderna I,Práticas de Física Moderna I"
"GFIS;Eletromagnetismo I;5;Física Matemática II,Física Básica III"
"GFIS;Mecânica Analítica I;5;Mecânica Clássica,Física Matemática II"
"GFIS;Eletromagnetismo II;6;Eletromagnetismo I"
"GFIS;Mecânica Quântica I;6;Física Moderna II,Física Matemática II"
"GFIS;Mecânica Analítica II;6;Mecânica Analítica I"
"GFIS;Mecânica Estatística;7;Física Moderna II"
"GFIS;Mecânica Quântica II;7;Mecânica Quântica I"
"GFIS;Física Atômica e Molecular;7;Mecânica Quântica I"
"GFIS;Física Nuclear e Partículas Elementares;7;Física Moderna II"
"GFIS;Monografia I;7;"
"GFIS;Física do Estado Sólido;8;Mecânica Estatística,Mecânica Quântica I"
"GFIS;Mecânica Quântica Relativística;8;Mecânica Quântica II"
"GFIS;Monografia II;8;Monografia I"
"GMEC;Cálculo a uma variável;1;"
"GMEC;Álgebra Linear I;1;"
"GMEC;Desenho;1;"
"GMEC;Química;1;"
"GMEC;Introdução à Engenharia;1;"
"GMEC;Cálculo a várias variáveis;2;Cálculo a uma variável,Álgebra Linear I"
"GMEC;Álgebra Linear II;2;Álgebra Linear I"
"GMEC;Computação;2;"
"GMEC;Mecânica Básica;2;Cálculo a uma variável,Álgebra Linear I"
"GMEC;H.C.S.;2;"
"GMEC;Metodologia Científica;2;"
"GMEC;Administração;2;"
"GMEC;E.D.O;3;Cálculo a várias variáveis,Álgebra Linear II"
"GMEC;Cálculo Vetorial;3;Cálculo a várias variáveis"
"GMEC;Cálculo Numérico;3;Álgebra Linear I,Computação,Cálculo a uma variável"
"GMEC;Estatística;3;Cálculo a várias variáveis"
"GMEC;Eletricidade Básica;3;Cálculo a varias Variáveis,Mecânica Básica"
"GMEC;Estática;3;Álgebra Linear II,Mecânica Básica"
"GMEC;Economia;3;"
"GMEC;E.D.P.S.;4;E.D.O"
"GMEC;Desenho Técnico I;4;Desenho"
"GMEC;Física Térmica;4;Mecânica Básica"
"GMEC;Resistência dos Materiais I;4;Estática"
"GMEC;Dinâmica;4;Cálculo Numérico,Estática,E.D.O"
"GMEC;Materiais de Const. Mecânica;4;Química"
"GMEC;Normalização e Confiabilidade;4;Estatística"
"GMEC;Metrologia;5;Normalização e Confiabilidade"
"GMEC;Ondas;5;Eletricidade Básica,Física Térmica,E.D.O."
"GMEC;Metalografia e Trat.Térmicos. I;5;Materiais de Const. Mecânica"
"GMEC;Resistência de Materiais II;5;E.D.O,Resistência dos Materiais I"
"GMEC;Termodinâmica I;5;Física Térmica,Cálculo Vetorial"
"GMEC;Mecanismos;5;Dinâmica"
"GMEC;Maquinas Operatrizes;5;Estática"
"GMEC;Ciências do Ambiente;5;Química"
"GMEC;Desenho de Máquinas;6;Desenho Técnico I,Resistência de Materiais II"
"GMEC;Elementos de Máquinas I;6;Metalografia e Trat.Térmicos. I,Resistência de Materiais II"
"GMEC;Metalografia e Trat.Térmicos. II;6;Metalografia e Trat.Térmicos. I"
"GMEC;Dinânica das Máquinas;6;Mecanismos"
"GMEC;Termodinâmica II;6;Termodinâmica I"
"GMEC;Mecânica dos Fluidos;6;Ondas,Termodinâmica I,E.D.P.S."
"GMEC;Processos de Fabricação I;6;Maquinas Operatrizes"
"GMEC;Eletricidade Aplicada;7;Eletricidade Básica"
"GMEC;Elementos de Máquinas II;7;Elementos de Máquinas I"
"GMEC;Processos de Fabricação II;7;Metalografia e Trat.Térmicos. II"
"GMEC;Lubrificação e Manutenção;7;Mecânica dos Fluidos"
"GMEC;Transferência de Calor;7;Termodinâmica II,Mecânica dos Fluidos"
"GMEC;Projetos de Ferramentas;7;Maquinas Operatrizes,Desenho de Máquinas"
"GMEC;Fundamentos de Engenharia Segurança;7;"
"GMEC;Máquinas de Transporte;8;Elementos de Máquinas II"
"GMEC;Vibrações Mecânicas;8;Ondas,Dinânica das Máquinas"
"GMEC;Sistemas Térmicos;8;Transferência de Calor"
"GMEC;Construção de Máquinas;8;Metrologia,Elementos de Máquinas II"
"GMEC;Instalações Industriais;8;Resistência de Materiais II,Transferência de Calor"
"GMEC;Planejamento da Produção;9;Conclusão de 90 créditos"
"GMEC;Sistemas Fluidomecânicos;9;Mecânica dos Fluidos"
"GMEC;Projeto Final I;9;Elementos de Máquinas II,Processos de Fabricação II,Transferência de Calor"
"GMEC;Estágio Supervisionado;9;Conclusão de 160 créditos"
"GMEC;Projeto Final II;10;Projeto Final I"
"GPRO;Cálculo a uma Variável;1;"
"GPRO;Álgebra Linear I;1;"
"GPRO;Desenho;1;"
"GPRO;Química;1;"
"GPRO;Introdução à Administração;1;"
"GPRO;Introdução a Engenharia;1;"
"GPRO;Cálculo a Várias Variáveis;2;Cálculo a uma Variável,Álgebra Linear I"
"GPRO;Álgebra Linear II;2;Álgebra Linear I"
"GPRO;Computação;2;"
"GPRO;Mecânica Básica;2;Cálculo a uma Variável,Álgebra Linear I"
"GPRO;Humanidades e Ciênc. Sociais;2;"
"GPRO;Metodologia Científica;2;"
"GPRO;Introdução a Economia;2;"
"GPRO;E.D.O;3;Cálculo a Várias Variáveis,Álgebra Linear II"
"GPRO;Cálculo Vetorial;3;Cálculo a Várias Variáveis"
"GPRO;Cálculo Numérico;3;Computação,Cálculo a uma Variável"
"GPRO;Mecânica Geral;3;Álgebra Linear II,Mecânica Básica"
"GPRO;Eletricidade Básica;3;Cálculo a Várias Variáveis,Mecânica Básica"
"GPRO;Estatística;3;Cálculo a Várias Variáveis"
"GPRO;Engenharia de Métodos;3;Metodologia Científica,Introdução à Administração,Introdução a Engenharia"
"GPRO;E.D.P.S;4;E.D.O"
"GPRO;Desenho Técnico I;4;Desenho"
"GPRO;Física Térmica;4;Mecânica Básica"
"GPRO;Resistência de Materiais III;4;Mecânica Geral"
"GPRO;Eletricidade / Eletrônica;4;Eletricidade Básica"
"GPRO;Métodos Estatísticos;4;Estatística"
"GPRO;Ciências do Ambiente;5;Química"
"GPRO;Ondas;5;Eletricidade Básica,Física Térmica,E.D.O."
"GPRO;Fenômenos de Transporte;5;Física Térmica"
"GPRO;Gestão da Informação I;5;Introdução à Administração,Engenharia de Métodos"
"GPRO;Tecnologia de Materiais;5;Química"
"GPRO;Est. Qual. e Confiabilidade;5;Métodos Estatísticos"
"GPRO;Psi.Soc. Trab;5;"
"GPRO;Processos de Fabricação;6;Tecnologia de Materiais"
"GPRO;Contabilidade Gerencial;6;Introdução a Economia"
"GPRO;Pesquisa Operacional I;6;Gestão da Informação I,Cálculo Numérico"
"GPRO;Ergonomia;6;Engenharia de Métodos"
"GPRO;Gestão da Qualidade;6;Est. Qual. e Confiabilidade"
"GPRO;Confiabilidade Estrutural;6;Est. Qual. e Confiabilidade"
"GPRO;Fundamentos de Engenharia de Segurança;6;"
"GPRO;Planejamento das Instalações;7;Desenho Técnico I,Pesquisa Operacional I"
"GPRO;Proj. Organizacional;7;Engenharia de Métodos"
"GPRO;Pesquisa Operacional II;7;Pesquisa Operacional I"
"GPRO;Gestão Ambiental;7;Ciências do Ambiente,Gestão da Qualidade"
"GPRO;Engenharia Econômica;7;"
"GPRO;Custos Industriais;7;Contabilidade Gerencial"
"GPRO;Gest. Manutenção;7;Gestão da Qualidade"
"GPRO;P.C.P.I;8;Planejamento das Instalações,Pesquisa Operacional I,Custos Industriais"
"GPRO;Gestão Empreendedora;8;"
"GPRO;Proj. Produto;8;Ergonomia"
"GPRO;Gestão de Projetos;8;Introdução a Economia,Custos Industriais"
"GPRO;Projeto Final I;9;"
"GPRO;Gestão Estratégica;9;Proj. Organizacional"
"GPRO;P.C.P. II;9;P.C.P.I"
"GPRO;Logística;9;P.C.P.I,Pesquisa Operacional II"
"GPRO;Projeto Final II;10;Projeto Final I"
"GPRO;Estágio Supervisionado;10;Conclusão de 120 créditos"
"GPRO;Análise Organizacional;10;Gestão Ambiental,Psi.Soc. Trab"
"GTEL;Cálculo a uma Variável;1;"
"GTEL;Álgebra Linear I;1;"
"GTEL;Desenho;1;"
"GTEL;Química;1;"
"GTEL;Introdução a Engenharia;1;"
"GTEL;Cálculo a Várias Variáveis;2;Cálculo a uma Variável,Álgebra Linear I"
"GTEL;Álgebra Linear II;2;Álgebra Linear I"
"GTEL;Computação;2;"
"GTEL;Mecânica Básica;2;Cálculo a uma Variável,Álgebra Linear I"
"GTEL;Humanidades e Ciênc. Sociais;2;"
"GTEL;Metodologia Científica;2;"
"GTEL;Equações Diferenciais Ordinárias E.D.O;3;Cálculo a Várias Variáveis,Álgebra Linear II"
"GTEL;Cálculo Vetorial;3;Cálculo a Várias Variáveis"
"GTEL;Cálculo Numérico;3;Computação,Cálculo a uma Variável"
"GTEL;Mecânica Geral;3;Mecânica Básica,Álgebra Linear II"
"GTEL;Eletricidade Básica;3;Cálculo a Várias Variáveis,Mecânica Básica"
"GTEL;Estatística;3;Cálculo a Várias Variáveis"
"GTEL;Fundamentos de Engenharia de Segurança;3;"
"GTEL;Equações Diferenciais Parciais e Séries E.D.P.S;4;Equações Diferenciais Ordinárias E.D.O"
"GTEL;Variáveis Complexas;4;Cálculo a Várias Variáveis"
"GTEL;Física Térmica;4;Mecânica Básica"
"GTEL;Resistência de Materiais III;4;Mecânica Geral"
"GTEL;Circuitos Elétricos I;4;Eletricidade Básica"
"GTEL;Materiais Elétricos;4;Química,Eletricidade Básica"
"GTEL;Eletrônica Digital;4;Eletricidade Básica"
"GTEL;Ciências do Ambiente;5;Química"
"GTEL;Desenho Técnico I;5;Desenho"
"GTEL;Ondas;5;Eletricidade Básica,Física Térmica,Equações Diferenciais Ordinárias E.D.O"
"GTEL;Fenômenos de Transporte;5;Física Térmica"
"GTEL;Circuitos Elétricos II;5;Circuitos Elétricos I"
"GTEL;Eletrônica I;5;Materiais Elétricos,Circuitos Elétricos I"
"GTEL;Sistemas Digitais;5;Eletrônica Digital"
"GTEL;Sinais e Sistemas;6;Equações Diferenciais Ordinárias E.D.O,Variáveis Complexas"
"GTEL;Eletromagnetismo I;6;Eletricidade Básica"
"GTEL;Controles e Servomecanismos V;6;Circuitos Elétricos II"
"GTEL;Planejamento da Produção;6;Mínimo 60 créditos"
"GTEL;Eletrônica II;6;Circuitos Elétricos II,Eletrônica I"
"GTEL;Microprocessadores I;6;Sistemas Digitais"
"GTEL;Princípios de Telecomunicações;6;Circuitos Elétricos II,Eletrônica I,Mínimo de 90 créditos"
"GTEL;Processamento de Sinais I;7;Sinais e Sistemas"
"GTEL;Eletromagnetismo II;7;Eletromagnetismo I,Ondas"
"GTEL;Eletrônica III;7;Eletrônica II"
"GTEL;Medidas elétricas e magnéticas;7;Eletromagnetismo I,Circuitos Elétricos II"
"GTEL;Microprocessadores II;7;Microprocessadores I"
"GTEL;Transmissão Digital I;7;Princípios de Telecomunicações"
"GTEL;Protocolos;7;Sistemas Digitais"
"GTEL;Administração;8;"
"GTEL;Conversão de Energia I;8;Eletromagnetismo II"
"GTEL;Redes I;8;Mínimo de 110 créditos"
"GTEL;Microondas;8;Eletromagnetismo II"
"GTEL;Propagação de Ondas;8;Eletromagnetismo II"
"GTEL;Telefonia;8;Princípios de Telecomunicações"
"GTEL;Comunicações Via Satélite;8;Princípios de Telecomunicações"
"GTEL;Transmissão Digital II;8;Transmissão Digital I"
"GTEL;Economia;9;"
"GTEL;Redes II;9;Redes I"
"GTEL;Projeto final I;9;Transmissão Digital II"
"GTEL;Antenas;9;Eletromagnetismo II"
"GTEL;Televisão digital;9;"
"GTEL;Sistemas de Telecomunicações;9;Princípios de Telecomunicações"
"GTEL;Comunicações Óticas;9;Eletromagnetismo II"
"GTEL;Estágio supervisionado;10;Mínimo de 120 créditos"
"GTEL;Sistemas de Qualidade;10;Mínimo de 130 créditos"
"GTEL;Comunicações Móveis;10;Transmissão Digital II,Propagação de Ondas"
"GTEL;Projeto final II;10;Projeto final I"
"LEANI;Língua Espanhola I;1;"
"LEANI;Língua Inglesa I;1;"
"LEANI;Língua Francesa I;1;"
"LEANI;Produção Textual Acadêmica;1;"
"LEANI;Identidades Culturais I;1;"
"LEANI;Linguagem e Sociedade;1;"
"LEANI;Formação da Sociedade Brasileira;1;"
"LEANI;Introdução às Relações Internacionais;1;"
"LEANI;Introdução à Gestão;1;"
"LEANI;Língua Espanhola II;2;Língua Espanhola I"
"LEANI;Língua Inglesa II;2;Língua Inglesa I"
"LEANI;Língua Francesa II;2;Língua Francesa I"
"LEANI;Identidades Culturais II;2;Identidades Culturais I"
"LEANI;Introdução às Políticas Linguísticas;2;Linguagem e Sociedade"
"LEANI;História das Relações Internacionais;2;"
"LEANI;Filosofia e Ética aplicadas às Relações Internacionais;2;"
"LEANI;Direito Constitucional;2;"
"LEANI;Língua Espanhola III;3;Língua Espanhola II"
"LEANI;Língua Inglesa III;3;Língua Inglesa II"
"LEANI;Língua Francesa III;3;Língua Francesa II"
"LEANI;Identidades Culturais III;3;Identidades Culturais II"
"LEANI;Teoria das Relações Internacionais I;3;História das Relações Internacionais"
"LEANI;Direito Internacional Público;3;Direito Constitucional"
"LEANI;Fundamentos de Marketing;3;Introdução à Gestão"
"LEANI;Introdução ao Turismo e à Hospitalidade;3;"
"LEANI;Língua Espanhola IV;4;Língua Espanhola III"
"LEANI;Língua Inglesa IV;4;Língua Inglesa III"
"LEANI;Língua Francesa IV;4;Língua Francesa III"
"LEANI;Cultura Hispânica;4;Língua Espanhola II"
"LEANI;Teoria das Relações Internacionais II;4;Teoria das Relações Internacionais I"
"LEANI;Administração de Varejo;4;Fundamentos de Marketing"
"LEANI;Gestão Empreendedora;4;Introdução à Gestão"
"LEANI;Direito Internacional Privado;4;Direito Internacional Público"
"LEANI;Língua Espanhola V;5;Língua Espanhola IV"
"LEANI;Língua Inglesa V;5;Língua Inglesa IV"
"LEANI;Língua Francesa V;5;Língua Francesa IV"
"LEANI;Culturas Francófonas;5;Língua Francesa IV"
"LEANI;Análise da Política Externa Brasileira;5;Teoria das Relações Internacionais I"
"LEANI;Turismo e Sociedade;5;"
"LEANI;Sociologia Aplicada às Negociações Internacionais;5;"
"LEANI;Planejamento e Consultoria Linguística;5;"
"LEANI;Economia Política Internacional;5;"
"LEANI;Língua Espanhola VI;6;Língua Espanhola V"
"LEANI;Língua Inglesa VI;6;Língua Inglesa V"
"LEANI;Língua Francesa VI;6;Língua Francesa V"
"LEANI;Cultura dos países de Língua Inglesa;6;Língua Inglesa II"
"LEANI;Estudos de Teorias da Tradução;6;"
"LEANI;Teoria e Técnicas de Negociações Internacionais;6;História das Relações Internacionais"
"LEANI;Organização e Gestão de Eventos I;6;Turismo e Sociedade"
"LEANI;Estratégia Empresarial;6;Introdução à Gestão"
"LEANI;Metodologia Científica;6;Produção Textual Acadêmica"
"LEANI;Macroeconomia;6;"
"LEANI;Língua Espanhola VII: tradução x versão;7;Língua Espanhola VI"
"LEANI;Língua Inglesa VII: tradução x versão;7;Língua Inglesa VI"
"LEANI;Língua Francesa VII: tradução x versão;7;Língua Francesa VI"
"LEANI;Organização e Gestão de Eventos II;7;Organização e Gestão de Eventos I"
"LEANI;Organizações Internacionais e Integração Regional;7;"
"LEANI;Projeto TCC;7;Metodologia Científica"
"LEANI;Trabalho de Conclusão de Curso;8;Projeto TCC"
"LEANI;Estágio Supervisionado;8;100 créditos"
"LEANI;Atividades Acadêmicas CientíficoCulturais;8;"
